idx,link
1,http://www.inven.co.kr/board/tera/3298/148998
2,http://www.inven.co.kr/board/tera/2531/39083
3,http://www.inven.co.kr/board/tera/2136/841789
4,http://www.inven.co.kr/board/maple/2299/2066187
5,http://www.inven.co.kr/board/tos/4132/321095
6,http://www.inven.co.kr/board/webzine/2097/1176010
7,http://www.inven.co.kr/board/overwatch/4538/4806031
8,http://www.inven.co.kr/board/lostark/5350/46194
9,http://www.inven.co.kr/board/maple/2299/2053704
10,http://www.inven.co.kr/board/overwatch/4538/4772001
11,http://www.inven.co.kr/board/black/4166/65666
12,http://www.inven.co.kr/board/overwatch/4538/4792867
13,http://www.inven.co.kr/board/maple/2299/1985283
14,http://www.inven.co.kr/board/maple/2299/2014785
15,http://www.inven.co.kr/board/lostark/5353/91925
16,http://www.inven.co.kr/board/imas/4072/243365
17,http://www.inven.co.kr/board/lostark/5350/39009
18,http://www.inven.co.kr/board/overwatch/4790/127336
19,http://www.inven.co.kr/board/overwatch/4538/4792894
20,http://www.inven.co.kr/board/maple/2299/2055368
21,http://www.inven.co.kr/board/fifaonline4/3146/4645450
22,http://www.inven.co.kr/board/overwatch/4538/4796748
23,http://www.inven.co.kr/board/lostark/4811/791683
24,http://www.inven.co.kr/board/lostark/5353/76360
25,http://www.inven.co.kr/board/overwatch/4538/4757615
26,http://www.inven.co.kr/board/lostark/5343/50221
27,http://www.inven.co.kr/board/lostark/5353/76322
28,http://www.inven.co.kr/board/lineagem/5019/143030
29,http://www.inven.co.kr/board/maple/2299/2003365
30,http://www.inven.co.kr/board/diablo3/3991/65742
31,http://www.inven.co.kr/board/lostark/4811/731784
32,http://www.inven.co.kr/board/autochess/5416/725
33,http://www.inven.co.kr/board/lostark/4811/782041
34,http://www.inven.co.kr/board/r2/1261/34493
35,http://www.inven.co.kr/board/lostark/4811/742987
36,http://www.inven.co.kr/board/fifaonline4/3146/4618049
37,http://www.inven.co.kr/board/lostark/5350/40794
38,http://www.inven.co.kr/board/webzine/2097/1153040
39,http://www.inven.co.kr/board/lostark/5345/33075
40,http://www.inven.co.kr/board/black/3583/1111942
41,http://www.inven.co.kr/board/lol/3369/1815526
42,http://www.inven.co.kr/board/lostark/5348/43120
43,http://www.inven.co.kr/board/lol/4625/2205210
44,http://www.inven.co.kr/board/lostark/4811/674838
45,http://www.inven.co.kr/board/overwatch/4538/4734227
46,http://www.inven.co.kr/board/wow/2081/159135
47,http://www.inven.co.kr/board/maple/2299/1832419
48,http://www.inven.co.kr/board/fifaonline4/3146/4596971
49,http://www.inven.co.kr/board/fifaonline4/3146/4621679
50,http://www.inven.co.kr/board/archeage/2645/476747
51,http://www.inven.co.kr/board/maple/2299/1844334
52,http://www.inven.co.kr/board/lostark/4811/694030
53,http://www.inven.co.kr/board/maple/2299/1905603
54,http://www.inven.co.kr/board/lol/3371/435200
55,http://www.inven.co.kr/board/lol/4625/2197684
56,http://www.inven.co.kr/board/fifaonline4/3146/4544676
57,http://www.inven.co.kr/board/lostark/4811/810441
58,http://www.inven.co.kr/board/lostark/4811/785069
59,http://www.inven.co.kr/board/lineagem/5019/144239
60,http://www.inven.co.kr/board/lostark/4811/686339
61,http://www.inven.co.kr/board/maple/2299/1916344
62,http://www.inven.co.kr/board/overwatch/4538/4710708
63,http://www.inven.co.kr/board/lostark/5344/20696
64,http://www.inven.co.kr/board/lostark/4811/774957
65,http://www.inven.co.kr/board/lol/4627/1233582
66,http://www.inven.co.kr/board/maple/2299/1931964
67,http://www.inven.co.kr/board/fifaonline4/3146/4616211
68,http://www.inven.co.kr/board/maple/2299/2001041
69,http://www.inven.co.kr/board/wow/2368/984917
70,http://www.inven.co.kr/board/lostark/5339/37718
71,http://www.inven.co.kr/board/overwatch/4538/4784549
72,http://www.inven.co.kr/board/black/3583/1109571
73,http://www.inven.co.kr/board/wow/1054/37904
74,http://www.inven.co.kr/board/lostark/5355/1375
75,http://www.inven.co.kr/board/lostark/4811/708458
76,http://www.inven.co.kr/board/maple/2299/1703041
77,http://www.inven.co.kr/board/apexlegends/5404/2065
78,http://www.inven.co.kr/board/apexlegends/5404/2063
79,http://www.inven.co.kr/board/apexlegends/5404/2071
80,http://www.inven.co.kr/board/lostark/5403/8080
81,http://www.inven.co.kr/board/wow/1054/37956
82,http://www.inven.co.kr/board/lostark/5353/89286
83,http://www.inven.co.kr/board/fifaonline4/3146/4550319
84,http://www.inven.co.kr/board/lostark/4811/744930
85,http://www.inven.co.kr/board/lol/4625/2191255
86,http://www.inven.co.kr/board/maple/2299/2020769
87,http://www.inven.co.kr/board/fifaonline4/3146/4524038
88,http://www.inven.co.kr/board/lostark/4811/801891
89,http://www.inven.co.kr/board/lostark/5345/25048
90,http://www.inven.co.kr/board/maple/2299/2042898
91,http://www.inven.co.kr/board/overwatch/4538/4803313
92,http://www.inven.co.kr/board/lostark/5353/58251
93,http://www.inven.co.kr/board/maple/2299/2035787
94,http://www.inven.co.kr/board/apexlegends/5404/13785
95,http://www.inven.co.kr/board/apexlegends/5414/3435
96,http://www.inven.co.kr/board/fifaonline4/3146/4653937
97,http://www.inven.co.kr/board/battlegrounds/5048/14810
98,http://www.inven.co.kr/board/fifaonline4/3146/4506724
99,http://www.inven.co.kr/board/lostark/5350/46222
100,http://www.inven.co.kr/board/maple/2299/1838437
101,http://www.inven.co.kr/board/lol/3371/432901
102,http://www.inven.co.kr/board/maple/2299/1685190
103,http://www.inven.co.kr/board/hs/3509/2299744
104,http://www.inven.co.kr/board/lostark/5403/8543
105,http://www.inven.co.kr/board/lostark/5350/29781
106,http://www.inven.co.kr/board/astellia/5365/3969
107,http://www.inven.co.kr/board/lostark/5374/12686
108,http://www.inven.co.kr/board/lol/3372/442048
109,http://www.inven.co.kr/board/lol/3369/1821643
110,http://www.inven.co.kr/board/lostark/5353/89201
111,http://www.inven.co.kr/board/destinyguardians/5051/65337
112,http://www.inven.co.kr/board/overwatch/4538/4759842
113,http://www.inven.co.kr/board/lol/4626/3833281
114,http://www.inven.co.kr/board/lostark/4811/622676
115,http://www.inven.co.kr/board/lostark/5350/44009
116,http://www.inven.co.kr/board/lol/3369/1821366
117,http://www.inven.co.kr/board/lol/3369/1802027
118,http://www.inven.co.kr/board/maple/2299/2034813
119,http://www.inven.co.kr/board/maple/2299/2042406
120,http://www.inven.co.kr/board/webzine/2097/1172775
121,http://www.inven.co.kr/board/fifaonline4/3146/4615127
122,http://www.inven.co.kr/board/lostark/5355/311
123,http://www.inven.co.kr/board/battlegrounds/5048/14763
124,http://www.inven.co.kr/board/lostark/5376/4972
125,http://www.inven.co.kr/board/lostark/4811/796028
126,http://www.inven.co.kr/board/webzine/2097/1172775?iskin=webzine
127,http://www.inven.co.kr/board/diablo3/2716/2051876
128,http://www.inven.co.kr/board/dho/495/175931
129,http://www.inven.co.kr/board/overwatch/4538/4660903
130,http://www.inven.co.kr/board/webzine/2097/1173198
131,http://www.inven.co.kr/board/diablo3/2716/2036638
132,http://www.inven.co.kr/board/fifaonline4/3146/4590484
133,http://www.inven.co.kr/board/overwatch/4538/4779118
134,http://www.inven.co.kr/board/lol/3369/1808141
135,http://www.inven.co.kr/board/lol/4625/2226227
136,http://www.inven.co.kr/board/lineagem/5315/3538
137,http://www.inven.co.kr/board/fifaonline4/3146/4565913
138,http://www.inven.co.kr/board/lostark/5353/88028
139,http://www.inven.co.kr/board/fifaonline4/3146/4627302
140,http://www.inven.co.kr/board/wow/5280/8405
141,http://www.inven.co.kr/board/overwatch/4538/4801351
142,http://www.inven.co.kr/board/lostark/5353/85812
143,http://www.inven.co.kr/board/lostark/4811/647185
144,http://www.inven.co.kr/board/lostark/4811/588139
145,http://www.inven.co.kr/board/lostark/4811/805314
146,http://www.inven.co.kr/board/lol/4626/3816501
147,http://www.inven.co.kr/board/lol/4625/2199783
148,http://www.inven.co.kr/board/apexlegends/5414/1904
149,http://www.inven.co.kr/board/lostark/5350/41760
150,http://www.inven.co.kr/board/overwatch/4538/4799668
151,http://www.inven.co.kr/board/lostark/5374/12693
152,http://www.inven.co.kr/board/apexlegends/5414/2345
153,http://www.inven.co.kr/board/lol/4627/1230948
154,http://www.inven.co.kr/board/apexlegends/5404/11339
155,http://www.inven.co.kr/board/maple/2299/1869614
156,http://www.inven.co.kr/board/lostark/5340/49958
157,http://www.inven.co.kr/board/lol/4626/3926267
158,http://www.inven.co.kr/board/wow/4739/92892
159,http://www.inven.co.kr/board/maple/2299/2031479
160,http://www.inven.co.kr/board/apexlegends/5414/1896
161,http://www.inven.co.kr/board/apexlegends/5414/2061
162,http://www.inven.co.kr/board/r2/4532/3507
163,http://www.inven.co.kr/board/apexlegends/5404/12496
164,http://www.inven.co.kr/board/r2/5370/261
165,http://www.inven.co.kr/board/maple/2299/1800506
166,http://www.inven.co.kr/board/maple/2299/1895171
167,http://www.inven.co.kr/board/apexlegends/5414/1949
168,http://www.inven.co.kr/board/lol/4626/3904667
169,http://www.inven.co.kr/board/lol/3371/429253
170,http://www.inven.co.kr/board/black/4421/286718
171,http://www.inven.co.kr/board/lostark/4811/659930
172,http://www.inven.co.kr/board/fifaonline4/3146/4646405
173,http://www.inven.co.kr/board/apexlegends/5414/1390
174,http://www.inven.co.kr/board/overwatch/4538/4791952
175,http://www.inven.co.kr/board/apexlegends/5414/1819
176,http://www.inven.co.kr/board/maple/2299/1849369
177,http://www.inven.co.kr/board/lostark/5403/8363
178,http://www.inven.co.kr/board/lostark/5350/39815
179,http://www.inven.co.kr/board/lostark/4811/620918
180,http://www.inven.co.kr/board/apexlegends/5414/1707
181,http://www.inven.co.kr/board/apexlegends/5414/1778
182,http://www.inven.co.kr/board/maple/2299/2005651
183,http://www.inven.co.kr/board/lostark/4811/787521
184,http://www.inven.co.kr/board/lostark/5356/30297
185,http://www.inven.co.kr/board/apexlegends/5414/1660
186,http://www.inven.co.kr/board/lostark/4811/792054
187,http://www.inven.co.kr/board/maple/2299/1824021
188,http://www.inven.co.kr/board/fifaonline4/3146/4637269
189,http://www.inven.co.kr/board/lostark/4811/808923
190,http://www.inven.co.kr/board/maple/2299/2063486
191,http://www.inven.co.kr/board/apexlegends/5414/1576
192,http://www.inven.co.kr/board/maple/2299/2064178
193,http://www.inven.co.kr/board/lostark/4811/686148
194,http://www.inven.co.kr/board/destinyguardians/5051/64915
195,http://www.inven.co.kr/board/lostark/4811/778877
196,http://www.inven.co.kr/board/lostark/5349/31625
197,http://www.inven.co.kr/board/webzine/2097/1175400
198,http://www.inven.co.kr/board/maple/2299/2037820
199,http://www.inven.co.kr/board/lostark/5320/32650
200,http://www.inven.co.kr/board/lol/3369/1816843
201,http://www.inven.co.kr/board/maple/2299/2042270
202,http://www.inven.co.kr/board/wow/762/501325
203,http://www.inven.co.kr/board/lostark/5350/12903
204,http://www.inven.co.kr/board/lostark/5403/8042
205,http://www.inven.co.kr/board/lostark/5352/31616
206,http://www.inven.co.kr/board/fifaonline4/3146/4618815
207,http://www.inven.co.kr/board/archeage/4581/79329
208,http://www.inven.co.kr/board/lostark/4811/776732
209,http://www.inven.co.kr/board/soulworker/5251/23026
210,http://www.inven.co.kr/board/lostark/4811/783987
211,http://www.inven.co.kr/board/lostark/4811/619991
212,http://www.inven.co.kr/board/lol/3369/1820849
213,http://www.inven.co.kr/board/diablo3/2716/2049395
214,http://www.inven.co.kr/board/lostark/5350/21526
215,http://www.inven.co.kr/board/lostark/5353/73412
216,http://www.inven.co.kr/board/maple/2299/2040855
217,http://www.inven.co.kr/board/overwatch/4675/24111
218,http://www.inven.co.kr/board/lol/4625/2225648
219,http://www.inven.co.kr/board/maple/2299/2023905
220,http://www.inven.co.kr/board/overwatch/4538/4781631
221,http://www.inven.co.kr/board/lostark/4811/794284
222,http://www.inven.co.kr/board/lol/4626/3900975
223,http://www.inven.co.kr/board/fifaonline4/3146/4613917
224,http://www.inven.co.kr/board/apexlegends/5414/765
225,http://www.inven.co.kr/board/apexlegends/5404/8784
226,http://www.inven.co.kr/board/apexlegends/5414/760
227,http://www.inven.co.kr/board/apexlegends/5404/8747
228,http://www.inven.co.kr/board/maple/2299/1588572
229,http://www.inven.co.kr/board/apexlegends/5404/8691
230,http://www.inven.co.kr/board/apexlegends/5414/756
231,http://www.inven.co.kr/board/lol/4626/3865165
232,http://www.inven.co.kr/board/apexlegends/5414/885
233,http://www.inven.co.kr/board/apexlegends/5414/752
234,http://www.inven.co.kr/board/apexlegends/5404/8631
235,http://www.inven.co.kr/board/fifaonline4/3146/4434368
236,http://www.inven.co.kr/board/lostark/5339/37029
237,http://www.inven.co.kr/board/lostark/4811/493206
238,http://www.inven.co.kr/board/apexlegends/5404/14114
239,http://www.inven.co.kr/board/lostark/4811/767825
240,http://www.inven.co.kr/board/maple/2299/1926948
241,http://www.inven.co.kr/board/lol/3369/1822068
242,http://www.inven.co.kr/board/black/3583/1110510
243,http://www.inven.co.kr/board/apexlegends/5404/8493
244,http://www.inven.co.kr/board/apexlegends/5414/748
245,http://www.inven.co.kr/board/apexlegends/5414/741
246,http://www.inven.co.kr/board/apexlegends/5404/8472
247,http://www.inven.co.kr/board/apexlegends/5404/8427
248,http://www.inven.co.kr/board/apexlegends/5414/736
249,http://www.inven.co.kr/board/lostark/4811/689017
250,http://www.inven.co.kr/board/apexlegends/5414/730
251,http://www.inven.co.kr/board/apexlegends/5404/8407
252,http://www.inven.co.kr/board/maple/2299/2061516
253,http://www.inven.co.kr/board/apexlegends/5404/8372
254,http://www.inven.co.kr/board/apexlegends/5414/720
255,http://www.inven.co.kr/board/apexlegends/5404/8330
256,http://www.inven.co.kr/board/apexlegends/5414/714
257,http://www.inven.co.kr/board/apexlegends/5404/8296
258,http://www.inven.co.kr/board/apexlegends/5414/709
259,http://www.inven.co.kr/board/apexlegends/5414/858
260,http://www.inven.co.kr/board/apexlegends/5414/309
261,http://www.inven.co.kr/board/apexlegends/5414/1419
262,http://www.inven.co.kr/board/lol/4625/2226228
263,http://www.inven.co.kr/board/lostark/4811/811868
264,http://www.inven.co.kr/board/apexlegends/5404/8201
265,http://www.inven.co.kr/board/apexlegends/5414/705
266,http://www.inven.co.kr/board/lostark/5353/86672
267,http://www.inven.co.kr/board/apexlegends/5414/288
268,http://www.inven.co.kr/board/apexlegends/5414/837
269,http://www.inven.co.kr/board/apexlegends/5404/8176
270,http://www.inven.co.kr/board/apexlegends/5414/702
271,http://www.inven.co.kr/board/maple/2299/2041947
272,http://www.inven.co.kr/board/lostark/4811/510794
273,http://www.inven.co.kr/board/lol/3369/1818031
274,http://www.inven.co.kr/board/maple/2299/2061411
275,http://www.inven.co.kr/board/lol/4625/2213370
276,http://www.inven.co.kr/board/lostark/4811/786718
277,http://www.inven.co.kr/board/apexlegends/5404/8099
278,http://www.inven.co.kr/board/apexlegends/5414/696
279,http://www.inven.co.kr/board/apexlegends/5414/687
280,http://www.inven.co.kr/board/apexlegends/5404/8042
281,http://www.inven.co.kr/board/apexlegends/5414/1186
282,http://www.inven.co.kr/board/heroes/2046/1244729
283,http://www.inven.co.kr/board/webzine/2097/1167740
284,http://www.inven.co.kr/board/apexlegends/5414/681
285,http://www.inven.co.kr/board/apexlegends/5404/7947
286,http://www.inven.co.kr/board/maple/2299/2011589
287,http://www.inven.co.kr/board/lol/4625/2215159
288,http://www.inven.co.kr/board/lostark/4811/764775
289,http://www.inven.co.kr/board/overwatch/4538/4794734
290,http://www.inven.co.kr/board/apexlegends/5414/810
291,http://www.inven.co.kr/board/apexlegends/5404/9366
292,http://www.inven.co.kr/board/apexlegends/5404/7762
293,http://www.inven.co.kr/board/apexlegends/5404/9243
294,http://www.inven.co.kr/board/apexlegends/5414/346
295,http://www.inven.co.kr/board/apexlegends/5414/796
296,http://www.inven.co.kr/board/durango/5202/35660
297,http://www.inven.co.kr/board/lostark/5340/20309
298,http://www.inven.co.kr/board/apexlegends/5404/7602
299,http://www.inven.co.kr/board/maple/2299/2058858
300,http://www.inven.co.kr/board/overwatch/4675/24066
301,http://www.inven.co.kr/board/apexlegends/5404/7467
302,http://www.inven.co.kr/board/diablo3/2740/895712
303,http://www.inven.co.kr/board/hs/3509/2296074
304,http://www.inven.co.kr/board/apexlegends/5404/7383
305,http://www.inven.co.kr/board/lostark/5353/23715
306,http://www.inven.co.kr/board/apexlegends/5404/7348
307,http://www.inven.co.kr/board/lol/4625/2215109
308,http://www.inven.co.kr/board/apexlegends/5404/7313
309,http://www.inven.co.kr/board/maple/2299/1828242
310,http://www.inven.co.kr/board/apexlegends/5404/7291
311,http://www.inven.co.kr/board/apexlegends/5404/7274
312,http://www.inven.co.kr/board/lostark/5345/37548
313,http://www.inven.co.kr/board/overwatch/4538/4806321
314,http://www.inven.co.kr/board/apexlegends/5404/7173
315,http://www.inven.co.kr/board/lostark/5320/65221
316,http://www.inven.co.kr/board/apexlegends/5404/7148
317,http://www.inven.co.kr/board/lostark/5353/83942
318,http://www.inven.co.kr/board/maple/2299/1784838
319,http://www.inven.co.kr/board/maple/2299/1950926
320,http://www.inven.co.kr/board/lostark/5350/39354
321,http://www.inven.co.kr/board/apexlegends/5404/7052
322,http://www.inven.co.kr/board/lostark/4811/568591
323,http://www.inven.co.kr/board/maple/2299/2033775
324,http://www.inven.co.kr/board/lostark/4811/548860
325,http://www.inven.co.kr/board/maple/2299/2037350
326,http://www.inven.co.kr/board/lostark/4811/612785
327,http://www.inven.co.kr/board/lostark/5347/21090
328,http://www.inven.co.kr/board/maple/2299/2029678
329,http://www.inven.co.kr/board/lol/4625/2213670
330,http://www.inven.co.kr/board/lostark/5343/23580
331,http://www.inven.co.kr/board/lostark/5347/33785
332,http://www.inven.co.kr/board/overwatch/4675/24100
333,http://www.inven.co.kr/board/battlegrounds/5048/14703
334,http://www.inven.co.kr/board/apexlegends/5414/401
335,http://www.inven.co.kr/board/lol/3369/1813481
336,http://www.inven.co.kr/board/apexlegends/5414/395
337,http://www.inven.co.kr/board/lostark/5347/52864
338,http://www.inven.co.kr/board/lostark/4811/784992
339,http://www.inven.co.kr/board/apexlegends/5414/390
340,http://www.inven.co.kr/board/fifaonline4/3146/4641833
341,http://www.inven.co.kr/board/apexlegends/5414/451
342,http://www.inven.co.kr/board/diablo3/2716/2041503
343,http://www.inven.co.kr/board/lostark/5375/14943
344,http://www.inven.co.kr/board/lol/4625/2212403
345,http://www.inven.co.kr/board/apexlegends/5404/1799
346,http://www.inven.co.kr/board/apexlegends/5404/1790
347,http://www.inven.co.kr/board/apexlegends/5404/1779
348,http://www.inven.co.kr/board/apexlegends/5404/1780
349,http://www.inven.co.kr/board/lostark/5353/81439
350,http://www.inven.co.kr/board/apexlegends/5404/1735
351,http://www.inven.co.kr/board/apexlegends/5404/1734
352,http://www.inven.co.kr/board/apexlegends/5404/1722
353,http://www.inven.co.kr/board/lol/4625/2226574
354,http://www.inven.co.kr/board/webzine/2097/1119077
355,http://www.inven.co.kr/board/webzine/2097/1119077?iskin=webzine
356,http://www.inven.co.kr/board/fifaonline4/3146/4626110
357,http://www.inven.co.kr/board/overwatch/4675/23986
358,http://www.inven.co.kr/board/lostark/4811/761773
359,http://www.inven.co.kr/board/maple/2299/2033667
360,http://www.inven.co.kr/board/lostark/5353/28123
361,http://www.inven.co.kr/board/lostark/5320/64730
362,http://www.inven.co.kr/board/fifaonline4/3146/4395449
363,http://www.inven.co.kr/board/apexlegends/5414/361
364,http://www.inven.co.kr/board/lostark/5350/35873
365,http://www.inven.co.kr/board/apexlegends/5414/379
366,http://www.inven.co.kr/board/lostark/4811/753608
367,http://www.inven.co.kr/board/lostark/5353/70437
368,http://www.inven.co.kr/board/apexlegends/5414/472
369,http://www.inven.co.kr/board/fifaonline4/3152/8032
370,http://www.inven.co.kr/board/lostark/4811/540337
371,http://www.inven.co.kr/board/heroes/2046/1239141
372,http://www.inven.co.kr/board/apexlegends/5414/467
373,http://www.inven.co.kr/board/lol/4625/2228662
374,http://www.inven.co.kr/board/lostark/5353/83616
375,http://www.inven.co.kr/board/apexlegends/5404/6926
376,http://www.inven.co.kr/board/apexlegends/5404/6842
377,http://www.inven.co.kr/board/apexlegends/5414/386
378,http://www.inven.co.kr/board/apexlegends/5404/6736
379,http://www.inven.co.kr/board/durango/4548/89891
380,http://www.inven.co.kr/board/overwatch/4538/4769534
381,http://www.inven.co.kr/board/maple/2299/1966497
382,http://www.inven.co.kr/board/apexlegends/5404/6645
383,http://www.inven.co.kr/board/lostark/4811/758544
384,http://www.inven.co.kr/board/apexlegends/5404/6598
385,http://www.inven.co.kr/board/lol/4626/3885839
386,http://www.inven.co.kr/board/apexlegends/5404/6538
387,http://www.inven.co.kr/board/maple/2299/2059938
388,http://www.inven.co.kr/board/lostark/5350/39439
389,http://www.inven.co.kr/board/diablo3/2716/2051063
390,http://www.inven.co.kr/board/apexlegends/5414/433
391,http://www.inven.co.kr/board/apexlegends/5414/440
392,http://www.inven.co.kr/board/apexlegends/5404/6401
393,http://www.inven.co.kr/board/apexlegends/5404/6223
394,http://www.inven.co.kr/board/overwatch/4538/4651659
395,http://www.inven.co.kr/board/lostark/5345/41998
396,http://www.inven.co.kr/board/lostark/4811/788990
397,http://www.inven.co.kr/board/apexlegends/5414/514
398,http://www.inven.co.kr/board/apexlegends/5404/6285
399,http://www.inven.co.kr/board/wow/2368/985617
400,http://www.inven.co.kr/board/apexlegends/5404/6244
401,http://www.inven.co.kr/board/lostark/4811/800979
402,http://www.inven.co.kr/board/ro/1952/271516
403,http://www.inven.co.kr/board/apexlegends/5404/6075
404,http://www.inven.co.kr/board/hs/3509/2289192
405,http://www.inven.co.kr/board/apexlegends/5404/5993
406,http://www.inven.co.kr/board/maple/2299/1955080
407,http://www.inven.co.kr/board/apexlegends/5404/5896
408,http://www.inven.co.kr/board/overwatch/4538/4789840
409,http://www.inven.co.kr/board/diablo3/3991/64501
410,http://www.inven.co.kr/board/apexlegends/5414/445
411,http://www.inven.co.kr/board/fifaonline4/3146/4657223
412,http://www.inven.co.kr/board/lostark/4811/470009
413,http://www.inven.co.kr/board/maple/2299/2041474
414,http://www.inven.co.kr/board/apexlegends/5404/5802
415,http://www.inven.co.kr/board/lol/4625/2216740
416,http://www.inven.co.kr/board/wows/4235/78957
417,http://www.inven.co.kr/board/lostark/4811/794115
418,http://www.inven.co.kr/board/maple/2299/2059320
419,http://www.inven.co.kr/board/lol/4625/2225126
420,http://www.inven.co.kr/board/overwatch/4538/4796293
421,http://www.inven.co.kr/board/apexlegends/5414/461
422,http://www.inven.co.kr/board/webzine/2097/1169502
423,http://www.inven.co.kr/board/wow/5280/6088
424,http://www.inven.co.kr/board/apexlegends/5404/5586
425,http://www.inven.co.kr/board/apexlegends/5404/5530
426,http://www.inven.co.kr/board/lostark/5353/75739
427,http://www.inven.co.kr/board/maple/2299/2059088
428,http://www.inven.co.kr/board/lol/4626/3930355
429,http://www.inven.co.kr/board/apexlegends/5404/5429
430,http://www.inven.co.kr/board/lostark/4811/775886
431,http://www.inven.co.kr/board/maple/2299/1622640
432,http://www.inven.co.kr/board/apexlegends/5404/13397
433,http://www.inven.co.kr/board/apexlegends/5404/5384
434,http://www.inven.co.kr/board/apexlegends/5404/5343
435,http://www.inven.co.kr/board/fifaonline4/3146/4627326
436,http://www.inven.co.kr/board/overwatch/4538/4799646
437,http://www.inven.co.kr/board/lostark/5350/38341
438,http://www.inven.co.kr/board/lostark/5350/38337
439,http://www.inven.co.kr/board/lol/4626/3857918
440,http://www.inven.co.kr/board/fifaonline4/3146/4454793
441,http://www.inven.co.kr/board/apexlegends/5404/5233
442,http://www.inven.co.kr/board/lol/3369/1822153
443,http://www.inven.co.kr/board/apexlegends/5404/5131
444,http://www.inven.co.kr/board/maple/2299/1983782
445,http://www.inven.co.kr/board/lostark/4811/782287
446,http://www.inven.co.kr/board/lostark/4821/7501
447,http://www.inven.co.kr/board/hos/4200/4659
448,http://www.inven.co.kr/board/apexlegends/5404/5031
449,http://www.inven.co.kr/board/maple/2299/2038200
450,http://www.inven.co.kr/board/lostark/5350/36498
451,http://www.inven.co.kr/board/maple/2299/2026925
452,http://www.inven.co.kr/board/apexlegends/5404/4944
453,http://www.inven.co.kr/board/maple/2299/1646437
454,http://www.inven.co.kr/board/overwatch/4538/4776409
455,http://www.inven.co.kr/board/apexlegends/5404/4913
456,http://www.inven.co.kr/board/lol/3073/14166
457,http://www.inven.co.kr/board/lol/4626/3883278
458,http://www.inven.co.kr/board/lol/3370/472564
459,http://www.inven.co.kr/board/overwatch/4538/4763790
460,http://www.inven.co.kr/board/apexlegends/5404/4772
461,http://www.inven.co.kr/board/apexlegends/5404/4743
462,http://www.inven.co.kr/board/apexlegends/5404/4701
463,http://www.inven.co.kr/board/webzine/2097/1111466
464,http://www.inven.co.kr/board/lostark/4821/20820
465,http://www.inven.co.kr/board/lostark/4811/783594
466,http://www.inven.co.kr/board/heroes/2034/122568
467,http://www.inven.co.kr/board/diablo3/3000/19297
468,http://www.inven.co.kr/board/apexlegends/5414/443
469,http://www.inven.co.kr/board/lostark/5342/23709
470,http://www.inven.co.kr/board/apexlegends/5404/4648
471,http://www.inven.co.kr/board/maple/2299/1871486
472,http://www.inven.co.kr/board/lostark/5353/77072
473,http://www.inven.co.kr/board/apexlegends/5404/4579
474,http://www.inven.co.kr/board/lol/3371/436089
475,http://www.inven.co.kr/board/lol/4625/2212626
476,http://www.inven.co.kr/board/webzine/2097/1175716
477,http://www.inven.co.kr/board/mhf/1754/577506
478,http://www.inven.co.kr/board/apexlegends/5404/4540
479,http://www.inven.co.kr/board/lol/4625/2210928
480,http://www.inven.co.kr/board/wow/1796/63504
481,http://www.inven.co.kr/board/apexlegends/5404/4320
482,http://www.inven.co.kr/board/apexlegends/5404/4306
483,http://www.inven.co.kr/board/overwatch/4538/4750535
484,http://www.inven.co.kr/board/lol/3371/435352
485,http://www.inven.co.kr/board/apexlegends/5404/4279
486,http://www.inven.co.kr/board/apexlegends/5414/436
487,http://www.inven.co.kr/board/apexlegends/5404/4192
488,http://www.inven.co.kr/board/diablo3/3000/36023
489,http://www.inven.co.kr/board/wow/2260/651543
490,http://www.inven.co.kr/board/apexlegends/5414/522
491,http://www.inven.co.kr/board/apexlegends/5404/4093
492,http://www.inven.co.kr/board/maple/2299/2058543
493,http://www.inven.co.kr/board/lostark/5345/44027
494,http://www.inven.co.kr/board/lol/4625/2228627
495,http://www.inven.co.kr/board/lostark/5353/24611
496,http://www.inven.co.kr/board/diablo3/2716/2048090
497,http://www.inven.co.kr/board/apexlegends/5414/508
498,http://www.inven.co.kr/board/maple/2299/2039642
499,http://www.inven.co.kr/board/lol/4625/2225704
500,http://www.inven.co.kr/board/lol/3372/440585
501,http://www.inven.co.kr/board/wow/1651/30722
502,http://www.inven.co.kr/board/lol/4625/2205257
503,http://www.inven.co.kr/board/lostark/4811/782651
504,http://www.inven.co.kr/board/apexlegends/5404/3820
505,http://www.inven.co.kr/board/lol/3371/436702
506,http://www.inven.co.kr/board/apexlegends/5404/3795
507,http://www.inven.co.kr/board/lostark/4811/802305
508,http://www.inven.co.kr/board/overwatch/4538/4793103
509,http://www.inven.co.kr/board/lostark/4811/697555
510,http://www.inven.co.kr/board/apexlegends/5404/3727
511,http://www.inven.co.kr/board/apexlegends/5404/3706
512,http://www.inven.co.kr/board/lostark/5349/16053
513,http://www.inven.co.kr/board/apexlegends/5404/3674
514,http://www.inven.co.kr/board/fifaonline4/3146/4525443
515,http://www.inven.co.kr/board/maple/2299/2030540
516,http://www.inven.co.kr/board/webzine/2097/1112992
517,http://www.inven.co.kr/board/fifaonline4/3146/4657828
518,http://www.inven.co.kr/board/overwatch/4538/4774022
519,http://www.inven.co.kr/board/wow/762/396105
520,http://www.inven.co.kr/board/lostark/4811/551873
521,http://www.inven.co.kr/board/lol/4625/2218344
522,http://www.inven.co.kr/board/fifaonline4/3146/4617732
523,http://www.inven.co.kr/board/overwatch/4538/4800411
524,http://www.inven.co.kr/board/maple/2299/1965662
525,http://www.inven.co.kr/board/lol/3369/1817483
526,http://www.inven.co.kr/board/sky/5198/118675
527,http://www.inven.co.kr/board/dota2/3340/458368
528,http://www.inven.co.kr/board/apexlegends/5404/11329
529,http://www.inven.co.kr/board/apexlegends/5404/3407
530,http://www.inven.co.kr/board/apexlegends/5404/3384
531,http://www.inven.co.kr/board/apexlegends/5404/3364
532,http://www.inven.co.kr/board/apexlegends/5404/3352
533,http://www.inven.co.kr/board/apexlegends/5404/3325
534,http://www.inven.co.kr/board/apexlegends/5404/3290
535,http://www.inven.co.kr/board/fifaonline4/3146/4400669
536,http://www.inven.co.kr/board/lostark/4811/298490
537,http://www.inven.co.kr/board/apexlegends/5404/3095
538,http://www.inven.co.kr/board/apexlegends/5404/3083
539,http://www.inven.co.kr/board/lol/4626/3915704
540,http://www.inven.co.kr/board/apexlegends/5404/3062
541,http://www.inven.co.kr/board/apexlegends/5404/3054
542,http://www.inven.co.kr/board/apexlegends/5404/3048
543,http://www.inven.co.kr/board/apexlegends/5404/2831
544,http://www.inven.co.kr/board/apexlegends/5404/2820
545,http://www.inven.co.kr/board/apexlegends/5404/2819
546,http://www.inven.co.kr/board/apexlegends/5404/2815
547,http://www.inven.co.kr/board/apexlegends/5404/2814
548,http://www.inven.co.kr/board/apexlegends/5404/2810
549,http://www.inven.co.kr/board/apexlegends/5404/2809
550,http://www.inven.co.kr/board/apexlegends/5404/2802
551,http://www.inven.co.kr/board/apexlegends/5404/2800
552,http://www.inven.co.kr/board/apexlegends/5404/2796
553,http://www.inven.co.kr/board/apexlegends/5404/2795
554,http://www.inven.co.kr/board/apexlegends/5404/2782
555,http://www.inven.co.kr/board/apexlegends/5404/2781
556,http://www.inven.co.kr/board/apexlegends/5404/2776
557,http://www.inven.co.kr/board/apexlegends/5404/2775
558,http://www.inven.co.kr/board/fifaonline4/3146/4624188
559,http://www.inven.co.kr/board/apexlegends/5404/2755
560,http://www.inven.co.kr/board/apexlegends/5404/2750
561,http://www.inven.co.kr/board/apexlegends/5404/2749
562,http://www.inven.co.kr/board/apexlegends/5404/2746
563,http://www.inven.co.kr/board/apexlegends/5404/2739
564,http://www.inven.co.kr/board/apexlegends/5404/2738
565,http://www.inven.co.kr/board/apexlegends/5404/2736
566,http://www.inven.co.kr/board/apexlegends/5404/2735
567,http://www.inven.co.kr/board/apexlegends/5404/2732
568,http://www.inven.co.kr/board/apexlegends/5404/2722
569,http://www.inven.co.kr/board/apexlegends/5404/2723
570,http://www.inven.co.kr/board/archeage/2836/237096
571,http://www.inven.co.kr/board/apexlegends/5404/2708
572,http://www.inven.co.kr/board/apexlegends/5404/2706
573,http://www.inven.co.kr/board/apexlegends/5404/2703
574,http://www.inven.co.kr/board/apexlegends/5404/2699
575,http://www.inven.co.kr/board/apexlegends/5404/2693
576,http://www.inven.co.kr/board/apexlegends/5404/2691
577,http://www.inven.co.kr/board/apexlegends/5404/2677
578,http://www.inven.co.kr/board/apexlegends/5404/2674
579,http://www.inven.co.kr/board/apexlegends/5404/2667
580,http://www.inven.co.kr/board/apexlegends/5404/2661
581,http://www.inven.co.kr/board/apexlegends/5404/2660
582,http://www.inven.co.kr/board/apexlegends/5404/2651
583,http://www.inven.co.kr/board/apexlegends/5404/2650
584,http://www.inven.co.kr/board/apexlegends/5404/2639
585,http://www.inven.co.kr/board/apexlegends/5404/2640
586,http://www.inven.co.kr/board/apexlegends/5404/2616
587,http://www.inven.co.kr/board/apexlegends/5404/2618
588,http://www.inven.co.kr/board/apexlegends/5404/2601
589,http://www.inven.co.kr/board/apexlegends/5404/2600
590,http://www.inven.co.kr/board/apexlegends/5404/2588
591,http://www.inven.co.kr/board/apexlegends/5404/2580
592,http://www.inven.co.kr/board/overwatch/4538/4737075
593,http://www.inven.co.kr/board/apexlegends/5404/2575
594,http://www.inven.co.kr/board/apexlegends/5404/2574
595,http://www.inven.co.kr/board/overwatch/4538/4771284
596,http://www.inven.co.kr/board/apexlegends/5404/2569
597,http://www.inven.co.kr/board/apexlegends/5404/2563
598,http://www.inven.co.kr/board/fifaonline4/3146/4655263
599,http://www.inven.co.kr/board/apexlegends/5404/2555
600,http://www.inven.co.kr/board/apexlegends/5404/2556
601,http://www.inven.co.kr/board/diablo3/2738/267489
602,http://www.inven.co.kr/board/apexlegends/5404/2548
603,http://www.inven.co.kr/board/apexlegends/5404/2547
604,http://www.inven.co.kr/board/apexlegends/5404/2543
605,http://www.inven.co.kr/board/apexlegends/5404/2544
606,http://www.inven.co.kr/board/apexlegends/5404/2533
607,http://www.inven.co.kr/board/apexlegends/5404/2532
608,http://www.inven.co.kr/board/apexlegends/5404/2519
609,http://www.inven.co.kr/board/apexlegends/5404/2518
610,http://www.inven.co.kr/board/apexlegends/5404/2510
611,http://www.inven.co.kr/board/apexlegends/5404/2511
612,http://www.inven.co.kr/board/lostark/4811/387734
613,http://www.inven.co.kr/board/apexlegends/5404/2495
614,http://www.inven.co.kr/board/apexlegends/5404/2496
615,http://www.inven.co.kr/board/apexlegends/5404/2491
616,http://www.inven.co.kr/board/apexlegends/5404/2485
617,http://www.inven.co.kr/board/apexlegends/5404/2483
618,http://www.inven.co.kr/board/apexlegends/5404/2469
619,http://www.inven.co.kr/board/apexlegends/5404/2468
620,http://www.inven.co.kr/board/apexlegends/5404/2455
621,http://www.inven.co.kr/board/apexlegends/5404/2456
622,http://www.inven.co.kr/board/apexlegends/5404/2445
623,http://www.inven.co.kr/board/apexlegends/5404/2446
624,http://www.inven.co.kr/board/apexlegends/5404/2441
625,http://www.inven.co.kr/board/apexlegends/5404/2440
626,http://www.inven.co.kr/board/apexlegends/5404/2432
627,http://www.inven.co.kr/board/apexlegends/5404/2425
628,http://www.inven.co.kr/board/apexlegends/5404/2426
629,http://www.inven.co.kr/board/apexlegends/5404/2409
630,http://www.inven.co.kr/board/apexlegends/5404/2408
631,http://www.inven.co.kr/board/apexlegends/5404/2407
632,http://www.inven.co.kr/board/apexlegends/5404/2397
633,http://www.inven.co.kr/board/apexlegends/5404/2391
634,http://www.inven.co.kr/board/apexlegends/5404/2390
635,http://www.inven.co.kr/board/apexlegends/5404/2386
636,http://www.inven.co.kr/board/apexlegends/5404/2383
637,http://www.inven.co.kr/board/apexlegends/5404/2371
638,http://www.inven.co.kr/board/apexlegends/5404/2369
639,http://www.inven.co.kr/board/apexlegends/5404/2348
640,http://www.inven.co.kr/board/apexlegends/5404/2338
641,http://www.inven.co.kr/board/apexlegends/5404/2339
642,http://www.inven.co.kr/board/apexlegends/5404/2334
643,http://www.inven.co.kr/board/apexlegends/5404/2332
644,http://www.inven.co.kr/board/apexlegends/5404/2301
645,http://www.inven.co.kr/board/apexlegends/5404/2300
646,http://www.inven.co.kr/board/apexlegends/5404/2283
647,http://www.inven.co.kr/board/apexlegends/5404/2280
648,http://www.inven.co.kr/board/apexlegends/5404/2268
649,http://www.inven.co.kr/board/apexlegends/5404/2267
650,http://www.inven.co.kr/board/apexlegends/5404/2253
651,http://www.inven.co.kr/board/apexlegends/5404/2241
652,http://www.inven.co.kr/board/apexlegends/5404/2237
653,http://www.inven.co.kr/board/apexlegends/5404/2213
654,http://www.inven.co.kr/board/apexlegends/5404/13578
655,http://www.inven.co.kr/board/apexlegends/5404/2207
656,http://www.inven.co.kr/board/lostark/5347/53324
657,http://www.inven.co.kr/board/apexlegends/5404/2191
658,http://www.inven.co.kr/board/apexlegends/5404/2192
659,http://www.inven.co.kr/board/apexlegends/5404/2186
660,http://www.inven.co.kr/board/apexlegends/5404/2185
661,http://www.inven.co.kr/board/apexlegends/5404/2183
662,http://www.inven.co.kr/board/tera/2136/841695
663,http://www.inven.co.kr/board/overwatch/4538/4778376
664,http://www.inven.co.kr/board/overwatch/4538/4800838
665,http://www.inven.co.kr/board/fifaonline4/3146/4392069
666,http://www.inven.co.kr/board/lineagem/5058/12109
667,http://www.inven.co.kr/board/lostark/5350/35824
668,http://www.inven.co.kr/board/fifaonline4/3146/4639733
669,http://www.inven.co.kr/board/wot/3200/1093681
670,http://www.inven.co.kr/board/lol/4626/3874060
671,http://www.inven.co.kr/board/overwatch/4675/24011
672,http://www.inven.co.kr/board/lol/3372/446321
673,http://www.inven.co.kr/board/maple/2299/2047499
674,http://www.inven.co.kr/board/maple/2299/1879846
675,http://www.inven.co.kr/board/maple/2299/2065728
676,http://www.inven.co.kr/board/fifaonline4/3146/4621959
677,http://www.inven.co.kr/board/fifaonline4/3146/4634727
678,http://www.inven.co.kr/board/lostark/5345/35326
679,http://www.inven.co.kr/board/fifaonline4/3150/154511
680,http://www.inven.co.kr/board/maple/2299/1998035
681,http://www.inven.co.kr/board/fifaonline4/3146/4634599
682,http://www.inven.co.kr/board/overwatch/4538/4739720
683,http://www.inven.co.kr/board/overwatch/4538/4724930
684,http://www.inven.co.kr/board/wow/762/1112
685,http://www.inven.co.kr/board/lostark/5356/31839
686,http://www.inven.co.kr/board/maple/2299/1948704
687,http://www.inven.co.kr/board/maple/2299/2034559
688,http://www.inven.co.kr/board/lostark/5353/75599
689,http://www.inven.co.kr/board/overwatch/4538/4795852
690,http://www.inven.co.kr/board/lol/4625/2207667
691,http://www.inven.co.kr/board/lostark/5343/11657
692,http://www.inven.co.kr/board/lostark/4811/714787
693,http://www.inven.co.kr/board/maple/2299/2056071
694,http://www.inven.co.kr/board/lostark/5353/67054
695,http://www.inven.co.kr/board/lostark/4811/423681
696,http://www.inven.co.kr/board/lostark/4811/715446
697,http://www.inven.co.kr/board/fifaonline4/3146/4630601
698,http://www.inven.co.kr/board/hos/3903/1227611
699,http://www.inven.co.kr/board/lostark/4811/344586
700,http://www.inven.co.kr/board/maple/2297/29335
701,http://www.inven.co.kr/board/fifaonline4/3146/4566482
702,http://www.inven.co.kr/board/tera/2136/190163
703,http://www.inven.co.kr/board/webzine/2097/1109435
704,http://www.inven.co.kr/board/fifaonline4/3146/4579133
705,http://www.inven.co.kr/board/maple/2299/1680976
706,http://www.inven.co.kr/board/lol/4625/2215017
707,http://www.inven.co.kr/board/maple/2299/2015042
708,http://www.inven.co.kr/board/lostark/4811/736261
709,http://www.inven.co.kr/board/webzine/2097/1175855
710,http://www.inven.co.kr/board/overwatch/4675/24012
711,http://www.inven.co.kr/board/lostark/4811/808479
712,http://www.inven.co.kr/board/wow/48/29918
713,http://www.inven.co.kr/board/wows/4235/4384
714,http://www.inven.co.kr/board/lostark/5341/24588
715,http://www.inven.co.kr/board/overwatch/4538/4750116
716,http://www.inven.co.kr/board/wow/2368/333049
717,http://www.inven.co.kr/board/wow/2368/981090
718,http://www.inven.co.kr/board/overwatch/4538/4740698
719,http://www.inven.co.kr/board/wow/762/517130
720,http://www.inven.co.kr/board/lostark/4811/753031
721,http://www.inven.co.kr/board/overwatch/4675/23987
722,http://www.inven.co.kr/board/webzine/2097/1161683
723,http://www.inven.co.kr/board/hs/3509/2297442
724,http://www.inven.co.kr/board/maple/2299/1987451
725,http://www.inven.co.kr/board/lostark/5345/34263
726,http://www.inven.co.kr/board/lostark/5344/24196
727,http://www.inven.co.kr/board/fifaonline4/3146/4634677
728,http://www.inven.co.kr/board/maple/2299/1915709
729,http://www.inven.co.kr/board/fifaonline4/3146/4582379
730,http://www.inven.co.kr/board/lostark/5353/76288
731,http://www.inven.co.kr/board/pad/3310/852640
732,http://www.inven.co.kr/board/wow/1651/30560
733,http://www.inven.co.kr/board/lostark/5353/75731
734,http://www.inven.co.kr/board/lol/3369/56009
735,http://www.inven.co.kr/board/lol/4626/3878876
736,http://www.inven.co.kr/board/apexlegends/5404/2029
737,http://www.inven.co.kr/board/diablo3/2765/42023
738,http://www.inven.co.kr/board/lostark/4811/755767
739,http://www.inven.co.kr/board/lostark/4811/725974
740,http://www.inven.co.kr/board/tos/4196/18281
741,http://www.inven.co.kr/board/lol/4626/3936604
742,http://www.inven.co.kr/board/lostark/5346/47715
743,http://www.inven.co.kr/board/lostark/4811/802941
744,http://www.inven.co.kr/board/lostark/4811/735191
745,http://www.inven.co.kr/board/battlegrounds/5048/13972
746,http://www.inven.co.kr/board/lol/4626/3937169
747,http://www.inven.co.kr/board/diablo3/2765/41524
748,http://www.inven.co.kr/board/overwatch/4538/4793176
749,http://www.inven.co.kr/board/fifaonline4/3146/4569197
750,http://www.inven.co.kr/board/lostark/5353/63870
751,http://www.inven.co.kr/board/lostark/4811/757991
752,http://www.inven.co.kr/board/diablo3/2765/39190
753,http://www.inven.co.kr/board/black/3583/1114753
754,http://www.inven.co.kr/board/fifaonline4/3146/4355893
755,http://www.inven.co.kr/board/lostark/4811/137374
756,http://www.inven.co.kr/board/webzine/2097/1058908
757,http://www.inven.co.kr/board/wow/2081/46608
758,http://www.inven.co.kr/board/maple/2299/1975754
759,http://www.inven.co.kr/board/overwatch/4538/4725172
760,http://www.inven.co.kr/board/wow/762/517291
761,http://www.inven.co.kr/board/diablo3/2765/41209
762,http://www.inven.co.kr/board/fifaonline4/3146/4612722
763,http://www.inven.co.kr/board/lostark/5342/22558
764,http://www.inven.co.kr/board/fifaonline4/3146/4640567
765,http://www.inven.co.kr/board/maple/2299/2052829
766,http://www.inven.co.kr/board/sky/5198/114739
767,http://www.inven.co.kr/board/overwatch/4675/24117
768,http://www.inven.co.kr/board/lol/4625/2226461
769,http://www.inven.co.kr/board/diablo3/2765/41599
770,http://www.inven.co.kr/board/black/3583/669811
771,http://www.inven.co.kr/board/lostark/4811/205002
772,http://www.inven.co.kr/board/apexlegends/5404/2062
773,http://www.inven.co.kr/board/apexlegends/5404/2053
774,http://www.inven.co.kr/board/lostark/5380/1355
775,http://www.inven.co.kr/board/lol/4626/3933091
776,http://www.inven.co.kr/board/apexlegends/5404/2056
777,http://www.inven.co.kr/board/apexlegends/5404/2055
778,http://www.inven.co.kr/board/apexlegends/5404/2054
779,http://www.inven.co.kr/board/apexlegends/5404/2028
780,http://www.inven.co.kr/board/hos/3903/477126
781,http://www.inven.co.kr/board/apexlegends/5404/2017
782,http://www.inven.co.kr/board/apexlegends/5404/2019
783,http://www.inven.co.kr/board/maple/2299/2034950
784,http://www.inven.co.kr/board/wow/762/375571
785,http://www.inven.co.kr/board/diablo3/2736/185383
786,http://www.inven.co.kr/board/lostark/4811/399692
787,http://www.inven.co.kr/board/overwatch/4538/4622688
788,http://www.inven.co.kr/board/wow/762/75716
789,http://www.inven.co.kr/board/wow/1651/145502
790,http://www.inven.co.kr/board/webzine/2097/1173338
791,http://www.inven.co.kr/board/lostark/4811/423310
792,http://www.inven.co.kr/board/overwatch/4538/4746860
793,http://www.inven.co.kr/board/heroes/2046/765810
794,http://www.inven.co.kr/board/overwatch/4538/4747024
795,http://www.inven.co.kr/board/wow/1322/13846
796,http://www.inven.co.kr/board/maple/2299/2028312
797,http://www.inven.co.kr/board/maple/2299/1963014
798,http://www.inven.co.kr/board/webzine/2097/1153807
799,http://www.inven.co.kr/board/diablo3/2765/41474
800,http://www.inven.co.kr/board/lol/4626/3883923
801,http://www.inven.co.kr/board/wow/762/198301
802,http://www.inven.co.kr/board/wot/3200/835278
803,http://www.inven.co.kr/board/heroes/2046/1244181
804,http://www.inven.co.kr/board/lostark/4811/360802
805,http://www.inven.co.kr/board/ro/1952/17965
806,http://www.inven.co.kr/board/lostark/4811/763154
807,http://www.inven.co.kr/board/black/3583/400576
808,http://www.inven.co.kr/board/lostark/5343/48390
809,http://www.inven.co.kr/board/lostark/4811/757791
810,http://www.inven.co.kr/board/diablo3/2765/41251
811,http://www.inven.co.kr/board/apexlegends/5404/12390
812,http://www.inven.co.kr/board/lol/4625/306153
813,http://www.inven.co.kr/board/lol/3369/1821837
814,http://www.inven.co.kr/board/webzine/2097/855894
815,http://www.inven.co.kr/board/maple/2299/1772060
816,http://www.inven.co.kr/board/maple/2299/1987644
817,http://www.inven.co.kr/board/diablo3/2765/40880
818,http://www.inven.co.kr/board/fifaonline3/3146/367376
819,http://www.inven.co.kr/board/lostark/4811/209849
820,http://www.inven.co.kr/board/fifaonline4/3146/4287718
821,http://www.inven.co.kr/board/overwatch/4538/4782499
822,http://www.inven.co.kr/board/diablo3/2716/2047243
823,http://www.inven.co.kr/board/lostark/4811/787452
824,http://www.inven.co.kr/board/black/3583/1108609
825,http://www.inven.co.kr/board/black/3583/1066142
826,http://www.inven.co.kr/board/lostark/4811/735351
827,http://www.inven.co.kr/board/lostark/4811/774308
828,http://www.inven.co.kr/board/wow/762/39242
829,http://www.inven.co.kr/board/lostark/4811/710435
830,http://www.inven.co.kr/board/lostark/4811/768053
831,http://www.inven.co.kr/board/diablo3/2765/40780
832,http://www.inven.co.kr/board/fifaonline4/3146/4602643
833,http://www.inven.co.kr/board/webzine/2652/549033
834,http://www.inven.co.kr/board/black/4421/286330
835,http://www.inven.co.kr/board/maple/2299/1529518
836,http://www.inven.co.kr/board/fifaonline4/3146/4538201
837,http://www.inven.co.kr/board/bns/2622/465087
838,http://www.inven.co.kr/board/ro/1952/77850
839,http://www.inven.co.kr/board/lostark/4811/754743
840,http://www.inven.co.kr/board/maple/2299/2014457
841,http://www.inven.co.kr/board/lostark/4811/750365
842,http://www.inven.co.kr/board/diablo3/2716/766964
843,http://www.inven.co.kr/board/webzine/2097/348019
844,http://www.inven.co.kr/board/hs/3509/64260
845,http://www.inven.co.kr/board/lostark/4811/705339
846,http://www.inven.co.kr/board/lol/4625/2199307
847,http://www.inven.co.kr/board/cq/4006/392187
848,http://www.inven.co.kr/board/archeage/2645/30017
849,http://www.inven.co.kr/board/lostark/5345/32249
850,http://www.inven.co.kr/board/maple/2299/1930641
851,http://www.inven.co.kr/board/lostark/4811/683923
852,http://www.inven.co.kr/board/diablo3/2716/2017971
853,http://www.inven.co.kr/board/diablo3/2716/1349576
854,http://www.inven.co.kr/board/lostark/5353/63971
855,http://www.inven.co.kr/board/webzine/2097/182387
856,http://www.inven.co.kr/board/heroes/2032/246885
857,http://www.inven.co.kr/board/diablo3/2765/40073
858,http://www.inven.co.kr/board/fifaonline4/3150/161491
859,http://www.inven.co.kr/board/tos/4189/111
860,http://www.inven.co.kr/board/lostark/4811/787661
861,http://www.inven.co.kr/board/lostark/4811/377382
862,http://www.inven.co.kr/board/wow/2260/652230
863,http://www.inven.co.kr/board/ro/1947/45841
864,http://www.inven.co.kr/board/dota2/3340/182026
865,http://www.inven.co.kr/board/black/3583/1118221
866,http://www.inven.co.kr/board/imas/4072/166978
867,http://www.inven.co.kr/board/bns/2625/36221
868,http://www.inven.co.kr/board/destinyguardians/5051/45121
869,http://www.inven.co.kr/board/maple/2299/2022771
870,http://www.inven.co.kr/board/mhf/1754/41144
871,http://www.inven.co.kr/board/overwatch/4538/1506131
872,http://www.inven.co.kr/board/maple/2299/2022361
873,http://www.inven.co.kr/board/lostark/4811/751838
874,http://www.inven.co.kr/board/archeage/2836/236940
875,http://www.inven.co.kr/board/maple/2299/2042034
876,http://www.inven.co.kr/board/lostark/4811/332035
877,http://www.inven.co.kr/board/overwatch/4538/4785358
878,http://www.inven.co.kr/board/overwatch/4538/2563
879,http://www.inven.co.kr/board/diablo3/2740/867146
880,http://www.inven.co.kr/board/lol/4625/556903
881,http://www.inven.co.kr/board/overwatch/4538/4752002
882,http://www.inven.co.kr/board/fifaonline4/3146/4360379
883,http://www.inven.co.kr/board/lol/4625/2226376
884,http://www.inven.co.kr/board/overwatch/4538/4783577
885,http://www.inven.co.kr/board/maple/2299/1561258
886,http://www.inven.co.kr/board/wow/2368/786281
887,http://www.inven.co.kr/board/overwatch/4538/1360084
888,http://www.inven.co.kr/board/wow/762/83674
889,http://www.inven.co.kr/board/icarus/3627/158442
890,http://www.inven.co.kr/board/lostark/4821/1707
891,http://www.inven.co.kr/board/bns/2984/18954
892,http://www.inven.co.kr/board/lostark/4811/712151
893,http://www.inven.co.kr/board/wow/762/517310
894,http://www.inven.co.kr/board/maple/2299/1962507
895,http://www.inven.co.kr/board/webzine/2097/945318
896,http://www.inven.co.kr/board/lol/4626/3930175
897,http://www.inven.co.kr/board/heroes/2178/657669
898,http://www.inven.co.kr/board/indie/5008/565
899,http://www.inven.co.kr/board/bns/2622/358006
900,http://www.inven.co.kr/board/lostark/4811/696088
901,http://www.inven.co.kr/board/maple/2299/1968161
902,http://www.inven.co.kr/board/lol/4625/2209202
903,http://www.inven.co.kr/board/diablo3/3712/121791
904,http://www.inven.co.kr/board/lostark/4811/712288
905,http://www.inven.co.kr/board/lol/3372/69927
906,http://www.inven.co.kr/board/overwatch/4538/4794932
907,http://www.inven.co.kr/board/lol/3369/1384270
908,http://www.inven.co.kr/board/dho/495/54627
909,http://www.inven.co.kr/board/lostark/5353/76154
910,http://www.inven.co.kr/board/maple/2299/1974945
911,http://www.inven.co.kr/board/overwatch/4538/4735497
912,http://www.inven.co.kr/board/webzine/2097/217272
913,http://www.inven.co.kr/board/apexlegends/5404/5217
914,http://www.inven.co.kr/board/diablo3/3018/180120
915,http://www.inven.co.kr/board/maple/2294/43024
916,http://www.inven.co.kr/board/lol/4625/2172453
917,http://www.inven.co.kr/board/diablo3/2964/70711
918,http://www.inven.co.kr/board/durango/5192/14619
919,http://www.inven.co.kr/board/lostark/5353/66272
920,http://www.inven.co.kr/board/diablo3/2740/759332
921,http://www.inven.co.kr/board/maple/2299/1678661
922,http://www.inven.co.kr/board/maple/2299/1599613
923,http://www.inven.co.kr/board/wow/2260/284787
924,http://www.inven.co.kr/board/maple/2299/1977176
925,http://www.inven.co.kr/board/wow/49/27952
926,http://www.inven.co.kr/board/fifaonline4/3146/4624706
927,http://www.inven.co.kr/board/imas/4072/240210
928,http://www.inven.co.kr/board/webzine/2097/1153391?iskin=webzine
929,http://www.inven.co.kr/board/webzine/2097/1153391
930,http://www.inven.co.kr/board/lol/4626/3801691
931,http://www.inven.co.kr/board/overwatch/4538/4706931
932,http://www.inven.co.kr/board/lol/3371/117633
933,http://www.inven.co.kr/board/lostark/4811/700198
934,http://www.inven.co.kr/board/csgo/4303/161100
935,http://www.inven.co.kr/board/wow/4739/20809
936,http://www.inven.co.kr/board/diablo3/2716/1810578
937,http://www.inven.co.kr/board/lol/4625/1302738
938,http://www.inven.co.kr/board/archeage/2836/241215
939,http://www.inven.co.kr/board/overwatch/4538/4779466
940,http://www.inven.co.kr/board/diablo3/2765/40158
941,http://www.inven.co.kr/board/fifaonline4/3146/4630735
942,http://www.inven.co.kr/board/black/3583/1120199
943,http://www.inven.co.kr/board/lostark/4811/276454
944,http://www.inven.co.kr/board/lostark/4811/704270
945,http://www.inven.co.kr/board/wow/762/127317
946,http://www.inven.co.kr/board/lol/3370/478279
947,http://www.inven.co.kr/board/diablo3/2740/537622
948,http://www.inven.co.kr/board/maple/2299/1913242
949,http://www.inven.co.kr/board/lostark/4811/802077
950,http://www.inven.co.kr/board/diablo3/2765/39896
951,http://www.inven.co.kr/board/webzine/2652/350804
952,http://www.inven.co.kr/board/overwatch/4538/4741209
953,http://www.inven.co.kr/board/lol/3369/1816806
954,http://www.inven.co.kr/board/diablo3/2737/550671
955,http://www.inven.co.kr/board/diablo3/2716/2047250
956,http://www.inven.co.kr/board/fifaonline3/3146/1350169
957,http://www.inven.co.kr/board/lostark/5349/23618
958,http://www.inven.co.kr/board/maple/2299/2007056
959,http://www.inven.co.kr/board/lol/3372/446147
960,http://www.inven.co.kr/board/overwatch/4538/4723496
961,http://www.inven.co.kr/board/lostark/4811/443612
962,http://www.inven.co.kr/board/wow/1313/48206
963,http://www.inven.co.kr/board/diablo3/2716/2046534
964,http://www.inven.co.kr/board/diablo3/3018/180339
965,http://www.inven.co.kr/board/hs/3509/1580331
966,http://www.inven.co.kr/board/diablo3/2716/2040162
967,http://www.inven.co.kr/board/lostark/4811/697986
968,http://www.inven.co.kr/board/lineagem/5056/2496
969,http://www.inven.co.kr/board/archeage/2645/20036
970,http://www.inven.co.kr/board/diablo3/2765/37387
971,http://www.inven.co.kr/board/hs/3509/684206
972,http://www.inven.co.kr/board/lol/3373/344444
973,http://www.inven.co.kr/board/lol/4625/696572
974,http://www.inven.co.kr/board/wot/3200/413892
975,http://www.inven.co.kr/board/apexlegends/5404/10933
976,http://www.inven.co.kr/board/lostark/4811/680472
977,http://www.inven.co.kr/board/wow/44/63330
978,http://www.inven.co.kr/board/wow/38/96872
979,http://www.inven.co.kr/board/lostark/4811/695985
980,http://www.inven.co.kr/board/diablo3/2740/653414
981,http://www.inven.co.kr/board/maple/2299/1604771
982,http://www.inven.co.kr/board/lostark/5339/39473
983,http://www.inven.co.kr/board/diablo3/2765/39904
984,http://www.inven.co.kr/board/heroes/3080/110081
985,http://www.inven.co.kr/board/lol/3372/96767
986,http://www.inven.co.kr/board/diablo3/2716/2038691
987,http://www.inven.co.kr/board/maple/2299/1998099
988,http://www.inven.co.kr/board/diablo3/2738/337770
989,http://www.inven.co.kr/board/diablo3/2716/48519
990,http://www.inven.co.kr/board/diablo3/2765/39175
991,http://www.inven.co.kr/board/wot/3200/227269
992,http://www.inven.co.kr/board/wow/762/516907
993,http://www.inven.co.kr/board/hs/3509/522559
994,http://www.inven.co.kr/board/webzine/1288/6003
995,http://www.inven.co.kr/board/bns/2622/397856
996,http://www.inven.co.kr/board/overwatch/4538/4756922
